<?xml version="1.0" encoding="UTF-8"?>
<project-private xmlns="http://www.netbeans.org/ns/project-private/1">
    <editor-bookmarks xmlns="http://www.netbeans.org/ns/editor-bookmarks/2" lastBookmarkId="0"/>
    <open-files xmlns="http://www.netbeans.org/ns/projectui-open-files/2">
        <group>
            <file>file:/Z:/prog/quiz/src/com/file/FileIO.java</file>
            <file>file:/Z:/prog/quiz/src/test/vote/listArr.java</file>
            <file>file:/Z:/prog/quiz/src/test/vote/arrCount.java</file>
            <file>file:/Z:/prog/quiz/src/test/vote/arrLoop.java</file>
            <file>file:/Z:/prog/quiz/src/test/vote/arrCountTest.java</file>
        </group>
    </open-files>
</project-private>
